Year,Month,Price_alum,Price_gold,Price_nickel,Price_silver,Price_uran,Inflation_rate,Price_alum_infl,Price_gold_infl,Price_nickel_infl,Price_silver_infl,Price_uran_infl
1992,Feb,1266.83,353.91,7861.9,4.15,7.9,89.59,2401.782997,670.977969,14905.37621,7.867985,14.97761
1992,Mar,1280.47,344.34,7417.7,4.11,7.75,89.59,2427.643073,652.834206,14063.21743,7.792149,14.693225
1992,Apr,1317.05,338.62,7420.6,4.05,7.75,89.59,2496.995095,641.989658,14068.71554,7.678395,14.693225
1992,May,1306.79,337.24,7326.8,4.07,7.55,89.59,2477.543161,639.373316,13890.88012,7.716313,14.314045
1992,Jun,1275.55,340.81,7192.8,4.06,7.75,89.59,2418.315245,646.141679,13636.82952,7.697354,14.693225
1992,Jul,1313.05,352.72,7497.9,3.97,7.75,89.59,2489.411495,668.721848,14215.26861,7.526723,14.693225
1992,Aug,1305.05,343.06,7268,3.81,8.05,89.59,2474.244295,650.407454,13779.4012,7.223379,15.261995
1992,Sep,1269.61,345.43,6917.5,3.77,8.75,89.59,2407.053599,654.900737,13114.88825,7.147543,16.589125
1992,Oct,1173.78,344.38,6305.3,3.75,10.25,89.59,2225.369502,652.910042,11954.21827,7.109625,19.432975
1992,Nov,1159.05,335.02,5564.88,3.77,10.5,89.59,2197.442895,635.164418,10550.45599,7.147543,19.90695
1992,Dec,1207.1,334.82,5724.07,3.73,10,89.59,2288.54089,634.785238,10852.26431,7.071707,18.959
1993,Jan,1206.76,329.01,5930.93,3.68,9.8,84.15,2222.24854,605.871915,10921.8076,6.77672,18.0467
1993,Feb,1201.85,329.31,6038.68,3.66,10.1,84.15,2213.206775,606.424365,11120.22922,6.73989,18.59915
1993,Mar,1151.33,330.08,5971.3,3.65,10.2,84.15,2120.174195,607.84232,10996.14895,6.721475,18.7833
1993,Apr,1108.53,342.15,5972.33,3.95,10.35,84.15,2041.357995,630.069225,10998.0457,7.273925,19.059525
1993,May,1123.96,367.18,5762.55,4.46,10.1,84.15,2069.77234,676.16197,10611.73583,8.21309,18.59915
1993,Jun,1165.3,371.89,5532.43,4.38,10.3,84.15,2145.89995,684.835435,10187.96985,8.06577,18.96745
1993,Jul,1202.13,392.19,5036.2,5.02,9.9,84.15,2213.722395,722.217885,9274.1623,9.24433,18.23085
1993,Aug,1172.14,378.84,4721.81,4.84,10.05,84.15,2158.49581,697.63386,8695.213115,8.91286,18.507075
1993,Sep,1115.38,355.28,4352.89,4.22,10.2,84.15,2053.97227,654.24812,8015.846935,7.77113,18.7833
1993,Oct,1087.1,364.18,4448.9,4.34,10.18,84.15,2001.89465,670.63747,8192.64935,7.99211,18.74647
1993,Nov,1039.81,373.83,4633.89,4.53,9.9,84.15,1914.810115,688.407945,8533.308435,8.341995,18.23085
1993,Dec,1094.3,383.3,5119.12,4.97,9.85,84.15,2015.15345,705.84695,9426.85948,9.152255,18.138775
1994,Jan,1174.59,386.88,5577.95,5.15,9.45,79.47,2108.036673,694.333536,10010.74687,9.242705,16.959915
1994,Feb,1269.93,381.91,5824.95,5.25,9.45,79.47,2279.143371,685.413877,10454.03777,9.422175,16.959915
1994,Mar,1289.03,384.13,5587.54,5.44,9.3,79.47,2313.422141,689.398111,10027.95804,9.763168,16.69071
1994,Apr,1278.72,377.27,5407.97,5.35,9.25,79.47,2294.918784,677.086469,9705.683759,9.601645,16.600975
1994,May,1322.59,381.43,6086.65,5.42,9.25,79.47,2373.652273,684.552421,10923.71076,9.727274,16.600975
1994,Jun,1400.58,385.64,6281.84,5.39,9.25,79.47,2513.620926,692.108108,11274.01825,9.673433,16.600975
1994,Jul,1492.42,385.49,6226.76,5.28,9.1,79.47,2678.446174,691.838903,11175.16617,9.476016,16.33177
1994,Aug,1455.36,380.36,5859.5,5.2,9.05,79.47,2611.934592,682.632092,10516.04465,9.33244,16.242035
1994,Sep,1569.22,391.58,6364.75,5.52,9.45,79.47,2816.279134,702.768626,11422.81683,9.906744,16.959915
1994,Oct,1698.05,389.77,6748.29,5.45,9.5,79.47,3047.490335,699.520219,12111.15606,9.781115,17.04965
1994,Nov,1892.59,384.39,7556.14,5.19,9.6,79.47,3396.631273,689.864733,13561.00446,9.314493,17.22912
1994,Dec,1878.31,379.29,8555.5,4.78,10.4,79.47,3371.002957,680.711763,15354.55585,8.578666,18.66488
1995,Jan,2060.55,378.55,9592.55,4.77,10.78,74.58,3597.30819,660.87259,16746.67379,8.327466,18.819724
1995,Feb,1916.15,376.64,8505.45,4.72,11.15,74.58,3345.21467,657.538112,14848.81461,8.240176,19.46567
1995,Mar,1805.07,382.12,7531.91,4.65,11.8,74.58,3151.291206,667.105096,13149.20848,8.11797,20.60044
1995,Apr,1849,391.03,7397.83,5.48,11.85,74.58,3227.9842,682.660174,12915.13161,9.566984,20.68773
1995,May,1762.69,385.22,7232.19,5.56,11.9,74.58,3077.304202,672.517076,12625.9573,9.706648,20.77502
1995,Jun,1780.05,387.56,7871.57,5.36,11.7,74.58,3107.61129,676.602248,13742.18691,9.357488,20.42586
1995,Jul,1860.1,386.23,8596.57,5.16,11.7,74.58,3247.36258,674.280334,15007.89191,9.008328,20.42586
1995,Aug,1888.32,383.67,8944.66,5.4,11.7,74.58,3296.629056,669.811086,15615.58743,9.42732,20.42586
1995,Sep,1760.83,383.06,8405.21,5.43,11.85,74.58,3074.057014,668.746148,14673.81562,9.479694,20.68773
1995,Oct,1674.32,383.14,8061.73,5.37,11.85,74.58,2923.027856,668.885812,14074.16823,9.374946,20.68773
1995,Nov,1654.07,385.31,8505.91,5.32,11.85,74.58,2887.675406,672.674198,14849.61768,9.287656,20.68773
1995,Dec,1656.74,387.44,8090.89,5.18,11.85,74.58,2892.336692,676.392752,14125.07576,9.043244,20.68773
1996,Jan,1589.34,399.45,7862.05,5.46,12.2,69.6,2695.52064,677.4672,13334.0368,9.26016,20.6912
1996,Feb,1591.55,404.76,8215.55,5.66,15.75,69.6,2699.2688,686.47296,13933.5728,9.59936,26.712
1996,Mar,1612.48,396.21,8021.74,5.52,15.75,69.6,2734.76608,671.97216,13604.87104,9.36192,26.712
1996,Apr,1587.23,392.85,8042.85,5.42,15.99,69.6,2691.94208,666.2736,13640.6736,9.19232,27.11904
1996,May,1589.26,391.93,8026.55,5.37,16.38,69.6,2695.38496,664.71328,13613.0288,9.10752,27.78048
1996,Jun,1482.48,385.27,7709.48,5.16,16.5,69.6,2514.28608,653.41792,13075.27808,8.75136,27.984
1996,Jul,1458.7,383.47,7203.65,5.07,16.5,69.6,2473.9552,650.36512,12217.3904,8.59872,27.984
1996,Aug,1463.36,387.35,7054.36,5.14,16.46,69.6,2481.85856,656.9456,11964.19456,8.71744,27.91616
1996,Sep,1407.38,383.14,7318.05,5.04,16.15,69.6,2386.91648,649.80544,12411.4128,8.54784,27.3904
1996,Oct,1336.34,381.07,7031.39,4.93,15.74,69.6,2266.43264,646.29472,11925.23744,8.36128,26.69504
1996,Nov,1449.52,377.85,6943.38,4.83,15.07,69.6,2458.38592,640.8336,11775.97248,8.19168,25.55872
1996,Dec,1500.29,369,6580.75,4.83,14.76,69.6,2544.49184,625.824,11160.952,8.19168,25.03296
1997,Jan,1575.61,355.11,7071.55,4.77,14.49,65.73,2611.258453,588.523803,11719.67982,7.905321,24.014277
1997,Feb,1580.01,346.58,7734.53,5.07,13.81,65.73,2618.550573,574.387034,12818.43657,8.402511,22.887313
1997,Mar,1631.57,351.81,7895.87,5.2,13.62,65.73,2704.000961,583.054713,13085.82535,8.61796,22.572426
1997,Apr,1561.44,344.47,7315.52,4.77,12.83,65.73,2587.774512,570.890131,12124.0113,7.905321,21.263159
1997,May,1625.25,343.84,7482.85,4.75,11.83,65.73,2693.526825,569.846032,12401.32731,7.872175,19.605859
1997,Jun,1567.55,340.76,7062.48,4.76,10.94,65.73,2597.900615,564.741548,11704.6481,7.888748,18.130862
1997,Jul,1591.99,324.1,6835.5,4.37,10.49,65.73,2638.405027,537.13093,11328.47415,7.242401,17.385077
1997,Aug,1710.58,324.01,6761.3,4.5,10.39,65.73,2834.944234,536.981773,11205.50249,7.45785,17.219347
1997,Sep,1610.6,322.82,6503.84,4.73,10.25,65.73,2669.24738,535.009586,10778.81403,7.839029,16.987325
1997,Oct,1607.86,324.87,6380.33,5.03,11.28,65.73,2664.706378,538.407051,10574.12091,8.336219,18.694344
1997,Nov,1598.99,306.04,6139.5,5.08,12.75,65.73,2650.006127,507.200092,10174.99335,8.419084,21.130575
1997,Dec,1530.51,288.74,5945.36,5.84,12.5,65.73,2536.514223,478.528802,9853.245128,9.678632,20.71625
1998,Jan,1485.79,289.1,5491.75,5.89,12.04,63.2,2424.80928,471.8112,8962.536,9.61248,19.64928
1998,Feb,1465.56,297.49,5386.88,6.81,11.38,63.2,2391.79392,485.50368,8791.38816,11.11392,18.57216
1998,Mar,1437.7,295.94,5395.8,6.24,10.66,63.2,2346.3264,482.97408,8805.9456,10.18368,17.39712
1998,Apr,1418.16,308.29,5393.88,6.34,10.75,63.2,2314.43712,503.12928,8802.81216,10.34688,17.544
1998,May,1364.72,299.1,5020,5.58,10.75,63.2,2227.22304,488.1312,8192.64,9.10656,17.544
1998,Jun,1307.24,292.32,4475.7,5.26,10.75,63.2,2133.41568,477.06624,7304.3424,8.58432,17.544
1998,Jul,1309.21,292.87,4325.43,5.46,10.61,63.2,2136.63072,477.96384,7059.10176,8.91072,17.31552
1998,Aug,1310.9,284.11,4080.63,5.18,10.5,63.2,2139.3888,463.66752,6659.58816,8.45376,17.136
1998,Sep,1342.27,288.98,4102.16,5,10.23,63.2,2190.58464,471.61536,6694.72512,8.16,16.69536
1998,Oct,1304.06,295.93,3871.93,5.01,9.61,63.2,2128.22592,482.95776,6318.98976,8.17632,15.68352
1998,Nov,1294.96,294.12,4131.91,4.97,8.88,63.2,2113.37472,480.00384,6743.27712,8.11104,14.49216
1998,Dec,1249.06,291.68,3878.21,4.88,8.49,63.2,2038.46592,476.02176,6329.23872,7.96416,13.85568
1999,Jan,1218.46,287.08,4268.75,5.14,9.01,59.7,1945.88062,458.46676,6817.19375,8.20858,14.38897
1999,Feb,1186.85,287.33,4626.38,5.53,9.2,59.7,1895.39945,458.86601,7388.32886,8.83141,14.6924
1999,Mar,1181.59,285.96,5011.3,5.19,10.44,59.7,1886.99923,456.67812,8003.0461,8.28843,16.67268
1999,Apr,1278.2,282.62,5102.63,5.06,10.85,59.7,2041.2854,451.34414,8148.90011,8.08082,17.32745
1999,May,1323.46,276.44,5399.34,5.26,10.73,59.7,2113.56562,441.47468,8622.74598,8.40022,17.13581
1999,Jun,1315.31,261.31,5195,5.03,10.56,59.7,2100.55007,417.31207,8296.415,8.03291,16.86432
1999,Jul,1403.76,256.08,5700.11,5.18,10.26,59.7,2241.80472,408.95976,9103.07567,8.27246,16.38522
1999,Aug,1431.32,256.69,6448.69,5.26,10.11,59.7,2285.81804,409.93393,10298.55793,8.40022,16.14567
1999,Sep,1492.48,264.74,7028.41,5.21,9.92,59.7,2383.49056,422.78978,11224.37077,8.32037,15.84224
1999,Oct,1474.41,310.72,7321.19,5.41,9.76,59.7,2354.63277,496.21984,11691.94043,8.63977,15.58672
1999,Nov,1472.76,293.18,7949.55,5.15,9.71,59.7,2351.99772,468.20846,12695.43135,8.22455,15.50687
1999,Dec,1554.48,283.07,8083.38,5.16,9.64,59.7,2482.50456,452.06279,12909.15786,8.24052,15.39508
2000,Jan,1680.28,284.32,8309.5,5.19,9.55,54.49,2595.864572,439.245968,12837.34655,8.018031,14.753795
2000,Feb,1670.27,299.86,9653.33,5.25,9.39,54.49,2580.400123,463.253714,14913.42952,8.110725,14.506611
2000,Mar,1577.05,286.39,10280.11,5.06,9.31,54.49,2436.384545,442.443911,15881.74194,7.817194,14.383019
2000,Apr,1457.14,279.69,9727.5,5.06,9.14,54.49,2251.135586,432.093081,15028.01475,7.817194,14.120386
2000,May,1466.79,275.19,10130.24,4.98,8.5,54.49,2266.043871,425.141031,15650.20778,7.693602,13.13165
2000,Jun,1506.31,285.73,8410.91,5,8.23,54.49,2327.098319,441.424277,12994.01486,7.7245,12.714527
2000,Jul,1563.5,281.59,8164.41,4.97,8.1,54.49,2415.45115,435.028391,12613.19701,7.678153,12.51369
2000,Aug,1527.63,274.47,8006.71,4.89,7.96,54.49,2360.035587,424.028703,12369.56628,7.554561,12.297404
2000,Sep,1601.21,273.68,8637.98,4.89,7.57,54.49,2473.709329,422.808232,13344.8153,7.554561,11.694893
2000,Oct,1500.24,270,7678.07,4.83,7.4,54.49,2317.720776,417.123,11861.85034,7.461867,11.43226
2000,Nov,1473.86,266.01,7339.77,4.68,7.13,54.49,2276.966314,410.958849,11339.21067,7.230132,11.015137
2000,Dec,1565.41,271.45,7314.34,4.64,7.14,54.49,2418.401909,419.363105,11299.92387,7.168336,11.030586
2001,Jan,1615.65,265.49,6994.77,4.66,7.1,50.24,2427.35256,398.872176,10508.94245,7.001184,10.66704
2001,Feb,1604.36,261.87,6524.13,4.56,7.39,50.24,2410.390464,393.433488,9801.852912,6.850944,11.102736
2001,Mar,1509.17,263.03,6133.52,4.4,7.69,50.24,2267.377008,395.176272,9215.000448,6.61056,11.553456
2001,Apr,1496.91,260.48,6329.87,4.37,8.23,50.24,2248.957584,391.345152,9509.996688,6.565488,12.364752
2001,May,1538.77,272.36,7060.83,4.43,9,50.24,2311.848048,409.193664,10608.19099,6.655632,13.5216
2001,Jun,1466.13,270.23,6641.19,4.37,8.78,50.24,2202.713712,405.993552,9977.723856,6.565488,13.191072
2001,Jul,1416.39,267.53,5937.05,4.25,8.75,50.24,2127.984336,401.937072,8919.82392,6.3852,13.146
2001,Aug,1377.08,272.39,5520.8,4.22,8.95,50.24,2068.924992,409.238736,8294.44992,6.340128,13.44648
2001,Sep,1344.56,283.42,5027,4.35,9.15,50.24,2020.066944,425.810208,7552.5648,6.53544,13.74696
2001,Oct,1282.5,283.06,4825.33,4.4,9.47,50.24,1926.828,425.269344,7249.575792,6.61056,14.227728
2001,Nov,1327.46,276.16,5078.41,4.12,9.43,50.24,1994.375904,414.902784,7629.803184,6.189888,14.167632
2001,Dec,1344.63,275.85,5263.82,4.37,9.5,50.24,2020.172112,414.43704,7908.363168,6.565488,14.2728
2002,Jan,1368.59,281.51,6043.18,4.51,9.59,47.89,2024.007751,416.325139,8937.258902,6.669839,14.182651
2002,Feb,1369.34,295.5,6029.25,4.42,9.72,47.89,2025.116926,437.01495,8916.657825,6.536738,14.374908
2002,Mar,1405,294.06,6537.5,4.54,9.95,47.89,2077.8545,434.885334,9668.30875,6.714206,14.715055
2002,Apr,1369.99,302.68,6958.21,4.58,9.75,47.89,2026.078211,447.633452,10290.49677,6.773362,14.419275
2002,May,1343.3,314.49,6761.36,4.7,9.9,47.89,1986.60637,465.099261,9999.375304,6.95083,14.64111
2002,Jun,1353.97,321.18,7119.86,4.9,9.9,47.89,2002.386233,474.993102,10529.56095,7.24661,14.64111
2002,Jul,1338.09,313.29,7142.72,4.92,9.89,47.89,1978.901301,463.324581,10563.36861,7.276188,14.626321
2002,Aug,1291.6,310.26,6717.14,4.54,9.85,47.89,1910.14724,458.843514,9933.978346,6.714206,14.567165
2002,Sep,1301.25,319.14,6640.24,4.55,9.8,47.89,1924.418625,471.976146,9820.250936,6.728995,14.49322
2002,Oct,1310.58,316.56,6804.46,4.4,9.84,47.89,1938.216762,468.160584,10063.11589,6.50716,14.552376
2002,Nov,1372.2,319.07,7313.93,4.51,9.86,47.89,2029.34658,471.872623,10816.57108,6.669839,14.581954
2002,Dec,1375.07,331.92,7193.16,4.63,9.88,47.89,2033.591023,490.876488,10637.96432,6.847307,14.611532
2003,Jan,1378.28,356.86,8026.02,4.81,10.16,44.61,1993.130708,516.055246,11606.42752,6.955741,14.692376
2003,Feb,1422.16,358.97,8623,4.66,10.1,44.61,2056.585576,519.106517,12469.7203,6.738826,14.60561
2003,Mar,1389.27,340.55,8378.81,4.53,10.1,44.61,2009.023347,492.469355,12116.59714,6.550833,14.60561
2003,Apr,1332.01,328.18,7910.13,4.49,10.1,44.61,1926.219661,474.581098,11438.83899,6.492989,14.60561
2003,May,1398.49,355.68,8330.63,4.74,10.9,44.61,2022.356389,514.348848,12046.92404,6.854514,15.76249
2003,Jun,1409.85,356.35,8874.76,4.53,10.9,44.61,2038.784085,515.317735,12833.79044,6.550833,15.76249
2003,Jul,1436.09,351.02,8797.39,4.8,10.95,44.61,2076.729749,507.610022,12721.90568,6.94128,15.834795
2003,Aug,1456.31,359.77,9351.38,4.99,11.24,44.61,2105.969891,520.263397,13523.03062,7.216039,16.254164
2003,Sep,1415.57,378.95,9965.34,5.17,11.49,44.61,2047.055777,547.999595,14410.87817,7.476337,16.615689
2003,Oct,1474.25,378.92,11047.17,5,12.37,44.61,2131.912925,547.956212,15975.31254,7.2305,17.888257
2003,Nov,1508.34,389.91,12086.5,5.18,13.18,44.61,2181.210474,563.848851,17478.28765,7.490798,19.059598
2003,Dec,1554.91,406.95,14162.5,5.63,13.35,44.61,2248.555351,588.490395,20480.39125,8.141543,19.305435
2004,Jan,1606.49,413.79,15326.55,6.3,14.8,40.84,2262.580516,582.781836,21585.91302,8.87292,20.84432
2004,Feb,1685.63,404.88,15145.13,6.44,16.05,40.84,2374.041292,570.232992,21330.40109,9.070096,22.60482
2004,Mar,1655.99,406.67,13715,7.23,17.14,40.84,2332.296316,572.754028,19316.206,10.182732,24.139976
2004,Apr,1729.74,403.26,12848.13,7.15,17.75,40.84,2436.165816,567.951384,18095.30629,10.07006,24.9991
2004,May,1623.22,383.78,11118.29,5.87,17.75,40.84,2286.143048,540.515752,15658.99964,8.267308,24.9991
2004,Jun,1677.72,392.37,13533.52,5.86,17.88,40.84,2362.900848,552.613908,19060.60957,8.253224,25.182192
2004,Jul,1709.27,398.09,15023.3,6.31,17.9,40.84,2407.335868,560.669956,21158.81572,8.887004,25.21036
2004,Aug,1692.19,400.51,13679.52,6.66,17.9,40.84,2383.280396,564.078284,19266.23597,9.379944,25.21036
2004,Sep,1723.6,405.28,13270.91,6.4,18.6,40.84,2427.51824,570.796352,18690.74964,9.01376,26.19624
2004,Oct,1819.57,420.46,14404.29,7.1,20.08,40.84,2562.682388,592.175864,20287.00204,9.99964,28.280672
2004,Nov,1813.9,439.38,14045.46,7.49,20.2,40.84,2554.69676,618.822792,19781.62586,10.548916,28.44968
2004,Dec,1849.18,442.08,13768.81,7.09,20.5,40.84,2604.385112,622.625472,19391.992,9.985556,28.8722
2005,Jan,1834.43,424.03,14505,6.62,20.54,31.96,2420.713828,559.549988,19140.798,8.735752,27.104584
2005,Feb,1882.85,423.35,15349.5,7.03,21.2,31.96,2484.60886,558.65266,20255.2002,9.276788,27.97552
2005,Mar,1979.85,433.85,16190.65,7.23,21.84,31.96,2612.61006,572.50846,21365.18174,9.540708,28.820064
2005,Apr,1894.29,429.23,16141.91,7.12,23.14,31.96,2499.705084,566.411908,21300.86444,9.395552,30.535544
2005,May,1743.7,421.87,16931.5,7.02,28.25,31.96,2300.98652,556.699652,22342.8074,9.263592,37.2787
2005,Jun,1731.3,430.66,16159.55,7.31,29,31.96,2284.62348,568.298936,21324.14218,9.646276,38.2684
2005,Jul,1778.79,424.48,14580.71,7.01,29.28,31.96,2347.291284,560.143808,19240.70492,9.250396,38.637888
2005,Aug,1867.84,437.93,14892.73,7.03,29.65,31.96,2464.801664,577.892428,19652.44651,9.276788,39.12614
2005,Sep,1839.91,456.05,14228.18,7.15,30.43,31.96,2427.945236,601.80358,18775.50633,9.43514,40.155428
2005,Oct,1928.71,469.9,12402.86,7.67,32.75,31.96,2545.125716,620.08004,16366.81406,10.121332,43.2169
2005,Nov,2050.59,476.67,12115.68,7.87,33.56,31.96,2705.958564,629.013732,15987.85133,10.385252,44.285776
2005,Dec,2247.45,510.1,13429.25,8.63,35.53,31.96,2965.73502,673.12796,17721.2383,11.388148,46.885388
2006,Jan,2377.86,549.86,14555.24,9.14,36.75,,2377.86,549.86,14555.24,9.14,36.75
2006,Feb,2455.33,555,14978.75,9.53,37.69,,2455.33,555,14978.75,9.53,37.69
2006,Mar,2429.13,557.09,14897.39,10.38,39.77,,2429.13,557.09,14897.39,10.38,39.77
2006,Apr,2621.11,610.65,17942.22,12.61,41.1,,2621.11,610.65,17942.22,12.61,41.1
2006,May,2861.48,675.39,21077.14,13.38,42.28,,2861.48,675.39,21077.14,13.38,42.28
2006,Jun,2477.34,596.15,20754.55,10.8,44.17,,2477.34,596.15,20754.55,10.8,44.17
2006,Jul,2512.71,633.71,26586.19,11.23,46.5,,2512.71,633.71,26586.19,11.23,46.5
2006,Aug,2459.93,632.59,30743.64,12.19,47.44,,2459.93,632.59,30743.64,12.19,47.44
2006,Sep,2472.88,598.19,30130.71,11.68,52.44,,2472.88,598.19,30130.71,11.68,52.44
2006,Oct,2654.59,585.78,32702.96,11.56,56.06,,2654.59,585.78,32702.96,11.56,56.06
2006,Nov,2702.8,627.83,32113.86,12.93,61.44,,2702.8,627.83,32113.86,12.93,61.44
2006,Dec,2813.63,629.79,34570.26,13.28,66.57,,2813.63,629.79,34570.26,13.28,66.57
2007,Jan,2809.34,631.17,36811.14,12.84,72,28.3,3604.38322,809.79111,47228.69262,16.47372,92.376
2007,Feb,2832.2,664.75,41184.25,13.91,76.25,28.3,3633.7126,852.87425,52839.39275,17.84653,97.82875
2007,Mar,2761.73,654.9,46324.77,13.18,89.44,28.3,3543.29959,840.2367,59434.67991,16.90994,114.75152
2007,Apr,2814.79,679.37,50266.84,13.72,110.43,28.3,3611.37557,871.63171,64492.35572,17.60276,141.68169
2007,May,2792.75,667.31,52179.05,13.15,119.11,28.3,3583.09825,856.15873,66945.72115,16.87145,152.81813
2007,Jun,2676.93,655.66,41718.57,13.14,136.22,28.3,3434.50119,841.21178,53524.92531,16.85862,174.77026
2007,Jul,2732.44,665.38,33425.68,12.91,131.5,28.3,3505.72052,853.68254,42885.14744,16.56353,168.7145
2007,Aug,2515.77,665.41,27652.27,12.33,109.6,28.3,3227.73291,853.72103,35477.86241,15.81939,140.6168
2007,Sep,2391.25,712.65,29537.5,12.83,85,28.3,3067.97375,914.32995,37896.6125,16.46089,109.055
2007,Oct,2442.37,754.6,31055.44,13.67,77.5,28.3,3133.56071,968.1518,39844.12952,17.53861,99.4325
2007,Nov,2506.89,806.25,30610.23,14.7,92,28.3,3216.33987,1034.41875,39272.92509,18.8601,118.036
2007,Dec,2381.69,803.2,25991.94,14.3,91.8,28.3,3055.70827,1030.5056,33347.65902,18.3469,117.7794
2008,Jan,2445.52,889.6,27689.55,15.91,87.56,23.56,3021.684512,1099.18976,34213.20798,19.658396,108.189136
2008,Feb,2776.93,922.3,27955.48,17.57,76,23.56,3431.174708,1139.59388,34541.79109,21.709492,93.9056
2008,Mar,3005.29,968.43,31225.26,19.32,73.71,23.56,3713.336324,1196.592108,38581.93126,23.871792,91.076076
2008,Apr,2959.27,909.71,28763.18,17.5,69.44,23.56,3656.474012,1124.037676,35539.78521,21.623,85.800064
2008,May,2902.9,888.66,25735,17.06,61.67,23.56,3586.82324,1098.028296,31798.166,21.079336,76.199452
2008,Jun,2957.86,889.49,22549.05,16.97,59,23.56,3654.731816,1099.053844,27861.60618,20.968132,72.9004
2008,Jul,3071.24,939.77,20160.22,18.03,61.84,23.56,3794.824144,1161.179812,24909.96783,22.277868,76.409504
2008,Aug,2764.38,839.03,18927.75,14.64,64.5,23.56,3415.667928,1036.705468,23387.1279,18.089184,79.6962
2008,Sep,2525.82,829.93,17794.55,12.37,63,23.56,3120.903192,1025.461508,21986.94598,15.284372,77.8428
2008,Oct,2121.41,806.62,12139.78,10.44,48.6,23.56,2621.214196,996.659672,14999.91217,12.899664,60.05016
2008,Nov,1852.43,760.86,10701.5,9.87,50.5,23.56,2288.862508,940.118616,13222.7734,12.195372,62.3978
2008,Dec,1490.43,816.09,9686.43,10.29,54.33,23.56,1841.575308,1008.360804,11968.55291,12.714324,67.130148
2009,Jan,1413.12,858.69,11306.91,11.27,51.44,24,1752.2688,1064.7756,14020.5684,13.9748,63.7856
2009,Feb,1330.2,943,10408.75,13.41,47,24,1649.448,1169.32,12906.85,16.6284,58.28
2009,Mar,1335.84,924.27,9696.36,13.12,43.38,24,1656.4416,1146.0948,12023.4864,16.2688,53.7912
2009,Apr,1420.85,890.2,11166,12.48,41.72,24,1761.854,1103.848,13845.84,15.4752,51.7328
2009,May,1460.45,928.65,12634.74,13.98,48.56,24,1810.958,1151.526,15667.0776,17.3352,60.2144
2009,Jun,1573.73,945.67,14960.46,14.65,51.5,24,1951.4252,1172.6308,18550.9704,18.166,63.86
2009,Jul,1667.96,934.23,15984.57,13.36,49.7,24,2068.2704,1158.4452,19820.8668,16.5664,61.628
2009,Aug,1933.75,949.38,19641.75,14.36,47.19,24,2397.85,1177.2312,24355.77,17.8064,58.5156
2009,Sep,1834.11,996.59,17473.18,16.39,44.28,24,2274.2964,1235.7716,21666.7432,20.3236,54.9072
2009,Oct,1878.57,1043.16,18525.23,17.24,46.11,24,2329.4268,1293.5184,22971.2852,21.3776,57.1764
2009,Nov,1949.29,1127.04,16991.19,17.82,44.75,24,2417.1196,1397.5296,21069.0756,22.0968,55.49
2009,Dec,2180.1,1134.72,17066.43,17.64,44.44,24,2703.324,1407.0528,21162.3732,21.8736,55.1056
2010,Jan,2235.15,1117.96,18439.25,17.75,43.83,22,2726.883,1363.9112,22495.885,21.655,53.4726
2010,Feb,2048.93,1095.41,18976,15.87,42.1,22,2499.6946,1336.4002,23150.72,19.3614,51.362
2010,Mar,2205.63,1113.34,22461.3,17.11,40.91,22,2690.8686,1358.2748,27402.786,20.8742,49.9102
2010,Apr,2316.73,1148.69,26030.75,18.06,41.33,22,2826.4106,1401.4018,31757.515,22.0332,50.4226
2010,May,2040.53,1205.43,22008.16,18.43,41.3,22,2489.4466,1470.6246,26849.9552,22.4846,50.386
2010,Jun,1931.39,1232.92,19388.64,18.45,40.78,22,2356.2958,1504.1624,23654.1408,22.509,49.7516
2010,Jul,1988.27,1192.97,19517.5,17.96,41.94,22,2425.6894,1455.4234,23811.35,21.9112,51.1668
2010,Aug,2118.14,1215.81,21413.33,18.39,46.06,22,2584.1308,1483.2882,26124.2626,22.4358,56.1932
2010,Sep,2162.34,1270.98,22643.41,20.55,46.67,22,2638.0548,1550.5956,27624.9602,25.071,56.9374
2010,Oct,2346.57,1342.02,23807.38,23.39,48.83,22,2862.8154,1637.2644,29045.0036,28.5358,59.5726
2010,Nov,2333.07,1369.89,22909.32,26.54,57.16,22,2846.3454,1671.2658,27949.3704,32.3788,69.7352
2010,Dec,2350.67,1390.55,24111.19,29.32,60.63,22,2867.8174,1696.471,29415.6518,35.7704,73.9686
2011,Jan,2439.53,1360.46,25646.25,28.51,63.88,18.27,2885.232131,1609.016042,30331.81988,33.718777,75.550876
2011,Feb,2508.18,1374.68,28252.25,30.78,65,18.27,2966.424486,1625.834036,33413.93608,36.403506,76.8755
2011,Mar,2555.5,1423.26,26710.35,35.81,63.5,18.27,3022.38985,1683.289602,31590.33095,42.352487,75.10145
2011,Apr,2678.11,1480.89,26408.33,42.7,57.82,18.27,3167.400697,1751.448603,31233.13189,50.50129,68.383714
2011,May,2596.45,1512.58,24236.73,37.34,56.06,18.27,3070.821415,1788.928366,28664.78057,44.162018,66.302162
2011,Jun,2557.76,1529.36,22420.93,35.8,55.4,18.27,3025.062752,1808.774072,26517.23391,42.34066,65.52158
2011,Jul,2525.43,1572.75,23847.95,37.92,52.79,18.27,2986.826061,1860.091425,28204.97047,44.847984,62.434733
2011,Aug,2379.35,1759.01,21845.09,40.33,50.68,18.27,2814.057245,2080.381127,25836.18794,47.698291,59.939236
2011,Sep,2293.46,1772.14,20377.59,38.15,51.98,18.27,2712.475142,2095.909978,24100.57569,45.120005,61.476746
2011,Oct,2180.65,1666.43,19039.05,31.97,52.34,18.27,2579.054755,1970.886761,22517.48444,37.810919,61.902518
2011,Nov,2079.98,1739,17873,33.08,53.19,18.27,2459.992346,2056.7153,21138.3971,39.123716,62.907813
2011,Dec,2022.25,1639.97,18266.76,30.3,52.18,18.27,2391.715075,1939.592519,21604.09705,35.83581,61.713286
2012,Jan,2144.2,1654.05,19854.77,30.65,52.31,15.87,2484.48454,1916.547735,23005.722,35.514155,60.611597
2012,Feb,2207.92,1744.82,20393.67,34.14,52.06,15.87,2558.316904,2021.722934,23630.14543,39.558018,60.321922
2012,Mar,2184.16,1675.95,18660.81,32.95,51.29,15.87,2530.786192,1941.923265,21622.28055,38.179165,59.429723
2012,Apr,2049.67,1649.2,17939.79,31.53,51.3,15.87,2374.952629,1910.92804,20786.83467,36.533811,59.44131
2012,May,2007.63,1589.04,17068.19,28.72,51.89,15.87,2326.240881,1841.220648,19776.91175,33.277864,60.124943
2012,Jun,1890.18,1598.76,16549.14,27.98,50.83,15.87,2190.151566,1852.483212,19175.48852,32.420426,58.896721
2012,Jul,1876.25,1594.29,16128.41,27.43,50.36,15.87,2174.010875,1847.303823,18687.98867,31.783141,58.352132
2012,Aug,1845.38,1630.31,15735.21,28.8,49.25,15.87,2138.241806,1889.040197,18232.38783,33.37056,57.065975
2012,Sep,2064.12,1744.81,17287.96,33.61,47.73,15.87,2391.695844,2021.711347,20031.55925,38.943907,55.304751
2012,Oct,1974.3,1746.58,17168.74,33.19,44.61,15.87,2287.62141,2023.762246,19893.41904,38.457253,51.689607
2012,Nov,1948.83,1721.64,16335.36,32.77,41.5,15.87,2258.109321,1994.864268,18927.78163,37.970599,48.08605
2012,Dec,2086.76,1684.76,17448.5,31.87,43.67,15.87,2417.928812,1952.131412,20217.57695,36.927769,50.600429
2013,Jan,2037.75,1671.85,17472.5,31.06,42.75,14.19,2326.906725,1909.085515,19951.84775,35.467414,48.816225
2013,Feb,2053.6,1627.57,17690.1,30.33,43.41,14.19,2345.00584,1858.522183,20200.32519,34.633827,49.569879
2013,Mar,1909.57,1593.09,16724.93,28.79,42.28,14.19,2180.537983,1819.149471,19098.19757,32.875301,48.279532
2013,Apr,1861.67,1487.86,15672.95,25.36,41.41,14.19,2125.840973,1698.987334,17896.94161,28.958584,47.286079
2013,May,1832.02,1414.03,14947.96,23.04,40.61,14.19,2091.983638,1614.680857,17069.07552,26.309376,46.372559
2013,Jun,1814.54,1343.35,14280.28,21.11,39.94,14.19,2072.023226,1533.971365,16306.65173,24.105509,45.607486
2013,Jul,1769.61,1285.52,13750.32,19.71,38.02,14.19,2020.717659,1467.935288,15701.49041,22.506849,43.415038
2013,Aug,1817.62,1351.74,14314.93,21.89,34.99,14.19,2075.540278,1543.551906,16346.21857,24.996191,39.955081
2013,Sep,1761.3,1348.6,13801.39,22.56,34.45,14.19,2011.22847,1539.96634,15759.80724,25.761264,39.338455
2013,Oct,1814.58,1316.58,14117.65,21.92,34.85,14.19,2072.068902,1503.402702,16120.94454,25.030448,39.795215
2013,Nov,1747.96,1275.86,13684.01,20.76,35.59,14.19,1995.995524,1456.904534,15625.77102,23.705844,40.640221
2013,Dec,1739.81,1221.51,13924.55,19.67,34.59,14.19,1986.689039,1394.842269,15900.44365,22.461173,39.498321
2014,Jan,1727.41,1244.27,14101.25,19.88,35.21,12.37,1941.090617,1398.186199,15845.57463,22.339156,39.565477
2014,Feb,1695.17,1299.58,14203.55,20.85,35.55,12.37,1904.862529,1460.338046,15960.52914,23.429145,39.947535
2014,Mar,1705.37,1336.08,15678.1,20.72,34.7,12.37,1916.324269,1501.353096,17617.48097,23.283064,38.99239
2014,Apr,1810.67,1298.45,17373.6,19.74,32.74,12.37,2034.649879,1459.068265,19522.71432,22.181838,36.789938
2014,May,1751.05,1288.74,19401.08,19.34,28.54,12.37,1967.654885,1448.157138,21800.9936,21.732358,32.070398
2014,Jun,1838.95,1279.1,18628.81,19.89,28.23,12.37,2066.428115,1437.32467,20933.1938,22.350393,31.722051
2014,Jul,1948.3,1310.59,19117.65,20.92,28.4,12.37,2189.30471,1472.709983,21482.50331,23.507804,31.91308
2014,Aug,2030.49,1295.13,18600.2,19.74,30.83,12.37,2281.661613,1455.337581,20901.04474,22.181838,34.643671
2014,Sep,1990.43,1236.55,18034.8,18.37,34.37,12.37,2236.646191,1389.511235,20265.70476,20.642369,38.621569
2014,Oct,1946.19,1222.49,15812.37,17.16,35.75,12.37,2186.933703,1373.712013,17768.36017,19.282692,40.172275
2014,Nov,2055.55,1175.33,15807.05,15.97,40.6,12.37,2309.821535,1320.718321,17762.38209,17.945489,45.62222
2014,Dec,1909.46,1200.62,15962.05,16.3,36.95,12.37,2145.660202,1349.136694,17936.55559,18.31631,41.520715
2015,Jan,1814.72,1250.75,14849.19,17.24,35.9,12.24,2036.841728,1403.8418,16666.73086,19.350176,40.29416
2015,Feb,1817.82,1227.08,14573.84,16.79,38.19,12.24,2040.321168,1377.274592,16357.67802,18.845096,42.864456
2015,Mar,1773.86,1178.63,13755.5,16.24,39.32,12.24,1990.980464,1322.894312,15439.1732,18.227776,44.132768
2015,Apr,1819.19,1198.93,12830.92,16.34,38.84,12.24,2041.858856,1345.679032,14401.42461,18.340016,43.594016
2015,May,1804.04,1198.63,13511.34,16.83,35.69,12.24,2024.854496,1345.342312,15165.12802,18.889992,40.058456
2015,Jun,1687.73,1181.5,12825.23,16.08,36.05,12.24,1894.308152,1326.1156,14395.03815,18.048192,40.46252
2015,Jul,1639.5,1128.31,11413.1,15.05,36.28,12.24,1840.1748,1266.415144,12810.06344,16.89212,40.720672
2015,Aug,1548.13,1117.93,10386,14.94,36.1,12.24,1737.621112,1254.764632,11657.2464,16.768656,40.51864
2015,Sep,1589.6,1124.77,9937.55,14.75,37.06,12.24,1784.16704,1262.441848,11153.90612,16.5554,41.596144
2015,Oct,1516.49,1159.25,10316.83,15.81,37.24,12.24,1702.108376,1301.1422,11579.60999,17.745144,41.798176
2015,Nov,1467.89,1086.44,9244.33,14.45,35.96,12.24,1647.559736,1219.420256,10375.83599,16.21868,40.361504
2015,Dec,1497.2,1075.74,8707.79,14.13,35.16,12.24,1680.45728,1207.410576,9773.623496,15.859512,39.463584
2016,Jan,1481.1,1097.91,8507.29,14.11,34.69,10.84,1641.65124,1216.923444,9429.480236,15.639524,38.450396
2016,Feb,1531.26,1199.5,8298.5,15.17,34.01,10.84,1697.248584,1329.5258,9198.0574,16.814428,37.696684
2016,Mar,1531.01,1245.14,8717.25,15.47,30.11,10.84,1696.971484,1380.113176,9662.1999,17.146948,33.373924
2016,Apr,1571.23,1242.26,8878.86,16.36,27.82,10.84,1741.551332,1376.920984,9841.328424,18.133424,30.835688
2016,May,1550.63,1260.95,8660.35,16.95,27.95,10.84,1718.718292,1397.63698,9599.13194,18.78738,30.97978
2016,Jun,1593.51,1276.4,8928.35,17.29,27.35,10.84,1766.246484,1414.76176,9896.18314,19.164236,30.31474
2016,Jul,1629.05,1336.66,10262.86,19.99,25.85,10.84,1805.63902,1481.553944,11375.35402,22.156916,28.65214
2016,Aug,1639.28,1340.17,10335.99,19.59,25.9,10.84,1816.977952,1485.444428,11456.41132,21.713556,28.70756
2016,Sep,1592.36,1326.61,10191.78,19.36,24.88,10.84,1764.971824,1470.414524,11296.56895,21.458624,27.576992
2016,Oct,1665.9,1266.55,10259.74,17.66,21.49,10.84,1846.48356,1403.84402,11371.89582,19.574344,23.819516
2016,Nov,1737.11,1238.35,11128.91,17.41,18.57,10.84,1925.412724,1372.58714,12335.28384,19.297244,20.582988
2016,Dec,1727.74,1157.36,10972.27,16.43,19.22,10.84,1915.027016,1282.817824,12161.66407,18.211012,21.303448
2017,Jan,1791.24,1192.1,9971.46,16.9,22.17,8.53,1944.032772,1293.78613,10822.02554,18.34157,24.061101
2017,Feb,1860.75,1234.2,10643.3,17.93,25.15,8.53,2019.471975,1339.47726,11551.17349,19.459429,27.295295
2017,Mar,1901.47,1231.42,10204.66,17.63,24.64,8.53,2063.665391,1336.460126,11075.1175,19.133839,26.741792
2017,Apr,1921.22,1266.88,9609.28,18.03,23.25,8.53,2085.100066,1374.944864,10428.95158,19.567959,25.233225
2017,May,1913.02,1246.04,9155.12,16.75,21.64,8.53,2076.200606,1352.327212,9936.051736,18.178775,23.485892
2017,Jun,1885.29,1260.26,8931.76,16.93,19.75,8.53,2046.105237,1367.760178,9693.639128,18.374129,21.434675
2017,Jul,1902.96,1236.84,9491.39,16.15,20.36,8.53,2065.282488,1342.342452,10301.00557,17.527595,22.096708
2017,Aug,2030.01,1283.04,10889.98,16.95,20.41,8.53,2203.169853,1392.483312,11818.89529,18.395835,22.150973
2017,Sep,2096.49,1314.07,11215.79,17.43,20.43,8.53,2275.320597,1426.160171,12172.49689,18.916779,22.172679
2017,Oct,2131.49,1279.51,11335.77,16.94,20.23,8.53,2313.306097,1388.652203,12302.71118,18.384982,21.955619
2017,Nov,2097.44,1281.9,11972,16.98,22.35,8.53,2276.351632,1391.24607,12993.2116,18.428394,24.256455
2017,Dec,2080.47,1264.45,11495.11,16.17,24.69,8.53,2257.934091,1372.307585,12475.64288,17.549301,26.796057
2018,Jan,2209.73,1331.3,12864.88,17.13,23.37,5.94,2340.987962,1410.37922,13629.05387,18.147522,24.758178
2018,Feb,2181.79,1330.73,13595.88,16.58,21.76,5.94,2311.388326,1409.775362,14403.47527,17.564852,23.052544
2018,Mar,2069.24,1324.66,13392.5,16.47,21.73,5.94,2192.152856,1403.344804,14188.0145,17.448318,23.020762
2018,Apr,2254.69,1334.76,13938.1,16.65,20.85,5.94,2388.618586,1414.044744,14766.02314,17.63901,22.08849
2018,May,2299.67,1303.45,14366.49,16.49,21.98,5.94,2436.270398,1380.87493,15219.85951,17.469506,23.285612
2018,Jun,2237.62,1281.57,15105.65,16.54,23.07,5.94,2370.534628,1357.695258,16002.92561,17.522476,24.440358
2018,Jul,2082.24,1237.71,13793.86,15.72,23.42,5.94,2205.925056,1311.229974,14613.21528,16.653768,24.811148
2018,Aug,2051.51,1201.71,13411.35,14.99,26.05,5.94,2173.369694,1273.091574,14207.98419,15.880406,27.59737
2018,Sep,2026.46,1198.39,12510.35,14.27,27.11,5.94,2146.831724,1269.574366,13253.46479,15.117638,28.720334
2018,Oct,2029.86,1215.39,12314.91,14.6,27.51,5.94,2150.433684,1287.584166,13046.41565,15.46724,29.144094
2018,Nov,1938.51,1220.65,11239.72,14.35,28.93,5.94,2053.657494,1293.15661,11907.35937,15.20239,30.648442
2018,Dec,1920.38,1250.4,10835.08,14.77,28.76,5.94,2034.450572,1324.67376,11478.68375,15.647338,30.468344
2019,Jan,1853.72,1291.75,11523.09,15.62,28.71,4.06,1928.981032,1344.19505,11990.92745,16.254172,29.875626
2019,Feb,1862.99,1320.07,12685.23,15.82,28.65,4.06,1938.627394,1373.664842,13200.25034,16.462292,29.81319
2019,Mar,1871.21,1300.9,13026.27,15.3,27.2,4.06,1947.181126,1353.71654,13555.13656,15.92118,28.30432
2019,Apr,1845.42,1285.91,12772.79,15.06,25.7,4.06,1920.344052,1338.117946,13291.36527,15.671436,26.74342
2019,May,1781.26,1283.7,12016.31,14.66,24.68,4.06,1853.579156,1335.81822,12504.17219,15.255196,25.682008
2019,Jun,1755.95,1359.04,11943.94,15.04,24.48,4.06,1827.24157,1414.217024,12428.86396,15.650624,25.473888
2019,Jul,1796.99,1412.89,13546.3,15.79,25.23,4.06,1869.947794,1470.253334,14096.27978,16.431074,26.254338
2019,Aug,1740.68,1500.41,15748.64,17.22,25.28,4.06,1811.351608,1561.326646,16388.03478,17.919132,26.306368
2019,Sep,1753.51,1510.58,17656.88,18.16,25.41,4.06,1824.702506,1571.909548,18373.74933,18.897296,26.441646
2019,Oct,1725.96,1494.81,17046.22,17.65,24.92,4.06,1796.033976,1555.499286,17738.29653,18.36659,25.931752
2019,Nov,1774.79,1470.79,15171.81,17.17,24.99,4.06,1846.846474,1530.504074,15787.78549,17.867102,26.004594
2019,Dec,1771.38,1479.13,13829.42,17.14,25.63,4.06,1843.298028,1539.182678,14390.89445,17.835884,26.670578
2020,Jan,1773.09,1560.67,13506.86,17.97,24.64,2.79,1822.559211,1604.212693,13883.70139,18.471363,25.327456
2020,Feb,1688.1,1597.1,12715.55,17.88,24.69,2.79,1735.19799,1641.65909,13070.31385,18.378852,25.378851
2020,Mar,1610.89,1591.93,11846.23,14.88,24.66,2.79,1655.833831,1636.344847,12176.73982,15.295152,25.348014
2020,Apr,1459.93,1683.17,11804.01,15.07,29.96,2.79,1500.662047,1730.130443,12133.34188,15.490453,30.795884
2020,May,1466.37,1715.91,12179.61,16.26,33.51,2.79,1507.281723,1763.783889,12519.42112,16.713654,34.444929
2020,Jun,1568.57,1732.22,12727.15,17.71,33.09,2.79,1612.333103,1780.548938,13082.23749,18.204109,34.013211
2020,Jul,1643.81,1846.51,13402.3,20.65,32.36,2.79,1689.672299,1898.027629,13776.22417,21.226135,33.262844
2020,Aug,1737.26,1968.63,14537.75,27,31.38,2.79,1785.729554,2023.554777,14943.35323,27.7533,32.255502
2020,Sep,1743.77,1921.92,14857.49,25.74,29.98,2.79,1792.421183,1975.541568,15272.01397,26.458146,30.816442
2020,Oct,1806.1,1900.27,15239.36,24.23,29.64,2.79,1856.49019,1953.287533,15664.53814,24.906017,30.466956
2020,Nov,1935.28,1866.3,15807.73,24.08,29.49,2.79,1989.274312,1918.36977,16248.76567,24.751832,30.312771
2020,Dec,2014.67,1858.42,16823.04,24.97,29.77,2.79,2070.879293,1910.269918,17292.40282,25.666663,30.600583
2021,Jan,2003.98,1866.98,17863.18,25.88,29.86,-1.29,1978.128658,1842.895958,17632.74498,25.546148,29.474806
2021,Feb,2078.59,1808.17,18584.38,27.29,28.66,-1.29,2051.776189,1784.844607,18344.6415,26.937959,28.290286
2021,Mar,2190.48,1718.23,16406.66,25.65,28.33,-1.29,2162.222808,1696.064833,16195.01409,25.319115,27.964543
2021,Apr,2319.39,1760.04,16521.25,25.69,29.75,-1.29,2289.469869,1737.335484,16308.12588,25.358599,29.366225
2021,May,2433.53,1850.26,17577.06,27.5,30.26,-1.29,2402.137463,1826.391646,17350.31593,27.14525,29.869646
2021,Jun,2446.65,1834.57,17979.57,27,32.14,-1.29,2415.088215,1810.904047,17747.63355,26.6517,31.725394
2021,Jul,2497.64,1807.84,18818.51,25.68,32.34,-1.29,2465.420444,1784.518864,18575.75122,25.348728,31.922814
2021,Aug,2602.99,1785.28,19141.3,23.99,32.15,-1.29,2569.411429,1762.249888,18894.37723,23.680529,31.735265
2021,Sep,2834.56,1775.14,19376.88,23.19,45.08,-1.29,2797.994176,1752.240694,19126.91825,22.890849,44.498468
2021,Oct,2934.39,1776.85,19362.39,23.41,38.48,-1.29,2896.536369,1753.928635,19112.61517,23.108011,37.983608
2021,Nov,2636.45,1821.76,19932.86,24.18,31.1,-1.29,2602.439795,1798.259296,19675.72611,23.868078,30.69881
2021,Dec,2695.53,1790.43,20015.55,22.53,,-1.29,2660.757663,1767.333453,19757.34941,22.239363,0
2022,Jan,3005.98,1816.02,22355.4,23.16,,,,,,,
